ID,"SKU Code",Title,name,Quantity,Stock,Stock,Modified
4,PB00000003,"Cazanova Men",Cazanova,0,out_of_stock,active,"6/15/18, 12:19 PM"
7,PB00000006,"Mazculine Men",Mazculine,0,out_of_stock,active,"5/31/18, 11:50 AM"
8,6291103661791,"EMPER Chifon Eau De Parfum EDP 100ml",Chifon,0,out_of_stock,active,"3/4/18, 12:05 PM"
9,6291103661982,"Urban Woman Perfume","Urban Woman",0,out_of_stock,active,"2/23/18, 11:25 AM"
10,6291103661265,"Fasio Eau De Parfum 100ml",Fasio,0,out_of_stock,active,"2/23/18, 11:25 AM"
11,6291103661975,"Urban Man Eau de Toilette 100ml","Urban Man",0,out_of_stock,active,"2/23/18, 11:25 AM"
12,6291103662514,"Presidente Eau de Toilette Perfume 100ml",Presidente,0,out_of_stock,active,"2/23/18, 11:25 AM"
13,6291103660060,"Lady Presidente Eau De Parfum 80ml","Lady Presidente",0,out_of_stock,active,"2/23/18, 11:25 AM"
17,6291100178766,"Chris Adams Ca Classic Man EDP Perfume 100ml","Classic Man",0,out_of_stock,active,"5/3/18, 8:14 PM"
19,6291100177974,"Chris Adams Dreamz Man EDT Perfume 100ml","Dreamz Man",0,out_of_stock,active,"5/10/18, 7:26 PM"
21,3610400000110,"Lomani Sensual EDP Perfume 100ml",Sensual,0,out_of_stock,active,"4/27/18, 11:28 PM"
22,3610400001155,"Lomani White Code Paris EDP Perfume 100ml",White,0,out_of_stock,active,"6/3/18, 9:23 AM"
33,62937250133361,"Maryaj Larc Premio EDP Perfume 100ml","Larc Premio ",0,out_of_stock,active,"6/11/18, 10:05 PM"
36,6293725002167,"Maryaj My Status EDP Perfume 100ml","My Status",0,out_of_stock,active,"5/4/18, 4:31 PM"
37,5030147578310,"English Blazer Black 100ml Perfume",Black,0,out_of_stock,active,"3/3/18, 4:49 PM"
38,5030147574503,"English Blazer Original Eau De Perfum 100ml",Original,0,out_of_stock,active,"5/25/18, 12:41 PM"
39,3760217580012,"English Blazer London Eau De Toilette Perfume 100ml ",London,0,out_of_stock,active,"2/23/18, 11:25 AM"
40,9911100200041,"Louis Cardin Gold EDP Perfume 100ml ",Gold,0,out_of_stock,active,"4/7/18, 5:11 PM"
42,PB00000021,"Silver Eau de Parfum 100ml",Silver,0,out_of_stock,active,"2/23/18, 11:25 AM"
43,9911100199918,"Illusion Eau de Parfum 100ml",Illusion,0,out_of_stock,active,"2/23/18, 11:25 AM"
44,9911100199949,"Credible Homme Eau de Parfum 100ml",Credible,0,out_of_stock,active,"3/29/18, 6:55 PM"
47,3610400000073,"Lomani Essential EDT Perfume 100ml",Essential,0,out_of_stock,active,"5/22/18, 9:10 AM"
52,2592915230,"America Body Spray 150ml Colours",Colours,0,out_of_stock,active,"6/14/18, 10:46 AM"
82,PB00000034,"Baug sons Body Spray Belle Fille 200ml","Belle Fille",0,out_of_stock,active,"4/6/18, 5:05 PM"
89,6378670670026,"Baugsons Belle Fille Chik Deo 200Ml ","Belle Fille Chik",0,out_of_stock,inactive,"2/23/18, 11:25 AM"
90,6378670670002,"Baug Sons Damsel Lush Deo 200ml","Damsel Lush",0,out_of_stock,active,"3/14/18, 7:22 PM"
91,6378670671283,"Baug sons Lustrous Intense Deo 200ml","Lustrous Intense ",0,out_of_stock,active,"3/24/18, 8:14 PM"
107,6330123456601,"Baug sons Treasures Night Eau De Perfume 100ml","Treasure Night",0,out_of_stock,active,"5/4/18, 1:56 PM"
108,6314175842049,"Baug sons Creation Intense Noir Deo 200ml","Creation Intense Noir",0,out_of_stock,inactive,"2/23/18, 11:25 AM"
113,PB00000037,"Chris Adams Devotion Body Spray 200ml","Devotion Woman",0,out_of_stock,active,"3/11/18, 5:32 PM"
114,6291100171279,"Chris Adams Lets Imagine Body Spray 200ml Homme","Lets Imagine",0,out_of_stock,active,"5/26/18, 1:15 AM"
115,6291100172344,"Chris Adams Lifetime Pour Homme Body Spray 200ml",Lifetime,0,out_of_stock,active,"5/25/18, 8:47 AM"
116,PB00000035,"Stunner Man Body Spray 200ml","Stunner Man",0,out_of_stock,inactive,"2/23/18, 11:25 AM"
121,PB00000036,"Chris Adams Signature Man Body Spray 200ml Homme","Signature Man",0,out_of_stock,active,"5/27/18, 7:20 PM"
122,6291100172603,"Active Man Eau de Parfum 15ml","Active Man",0,out_of_stock,active,"6/13/18, 6:01 PM"
123,6291100174829,"Chris Adams Active Woman Noir Perfume 15ml","Active Women Noir",0,out_of_stock,active,"6/14/18, 2:07 AM"
133,6291100172177,"Chris Adams Eau De Parfum EDP DX 77 Pour Homme Perfume 100ml","DX 77 Man",0,out_of_stock,active,"4/19/18, 10:25 AM"
136,PB00000008,"Colour Me Musk Body Spray 150ml",Musk,5,out_of_stock,active,"6/21/18, 5:54 PM"
138,25929124514,"Colour Me Blue Body Spray 150ml",Blue,0,out_of_stock,active,"6/21/18, 9:43 AM"
144,25929130263,"Colour Me Oud Body Spray 150ml",Oud,0,out_of_stock,active,"4/19/18, 10:34 AM"
150,25929123715,"Colour Me Silver Body Spray 150ml",Silver,0,out_of_stock,active,"5/25/18, 8:47 AM"
151,25929130041,"Colour Me Sky Blue Body Spray 150ml","Sky Blue",0,out_of_stock,active,"5/24/18, 2:22 PM"
162,25929121032,"Diamonds Pour Femme Parfum de Toilette 50ml",Diamonds,0,out_of_stock,inactive,"2/23/18, 11:25 AM"
165,25929202410,"Colour Me PDT Midnight Blue Pour Femme Perfume 50ml","Midnight Blue",0,out_of_stock,active,"3/3/18, 1:22 PM"
168,25929121407,"Colour Me Eau De Toilette EDT Pink Pour Femme Perfume 50ml"," Pink",0,out_of_stock,active,"3/3/18, 1:22 PM"
179,25929129403,"Colour Me White Pour Homme Eau De Toilette EDT Perfume 50ml",White,0,out_of_stock,active,"6/20/18, 8:33 PM"
184,25929132427,"Colour Me Musk Pour Homme Eau De Toilette EDT Perfume 90ml",Musk,0,out_of_stock,active,"6/5/18, 10:29 AM"
187,25929122107,"Colour Me Silver Pour Homme Eau De Toilette EDT 90ml",Silver,0,out_of_stock,active,"3/3/18, 1:26 PM"
191,6291103661302,"Emper 110 Degrees Body Spray 200ml","110 Degrees",2,out_of_stock,active,"4/30/18, 2:43 PM"
194,6291103660114,"Emper Fasio Body Spray Femme 200ml",Fasio,0,out_of_stock,active,"3/2/18, 1:40 AM"
199,6291103660732,"Emper Urban Man Body Spray 200ml","Urban Man",0,out_of_stock,active,"4/22/18, 1:27 AM"
205,6291103661623,"Noir De Maxima Homme Eau De Toilette Perfume 100ml ","Noir De Maxima",0,out_of_stock,active,"3/12/18, 11:52 AM"
209,6297000402000,"English Blazer Black Body Spray 150ml",Black,0,out_of_stock,active,"5/31/18, 11:20 AM"
210,5030147533609,"English Blazer Gold Body Spray 150 Ml",Gold,0,out_of_stock,active,"3/12/18, 11:51 AM"
214,5030147531506,"English Blazer Eau De Toilette EDT Gold Perfume 100ml",Gold,0,out_of_stock,active,"4/27/18, 7:39 PM"
215,3760217580029,"English Blazer Eau De Toilette EDT Timeless Perfume 100ml",Timeless,0,out_of_stock,active,"3/21/18, 1:35 PM"
218,858507002702,"Jacquis Passion Flower Power Body Mist 50ml","Flower Power",0,out_of_stock,active,"4/9/18, 3:08 PM"
219,858507002818,"Jacquis Passion Forever Musk Body Mist 50ml","Forever Musk",1,out_of_stock,active,"6/11/18, 3:32 PM"
221,858507002733,"Jacquis Passion Love Potion Body Mist 50ml "," Love Potion",0,out_of_stock,active,"6/7/18, 10:33 AM"
224,858507002795,"Jacquis Passion Sweet Blooms Body Mist 50ml","Sweet Blooms",0,out_of_stock,active,"5/1/18, 6:47 PM"
225,858507002764,"Jacquis Passion Peach Papaya Body Mist 50ml","Peach Papaya",0,out_of_stock,active,"6/9/18, 5:36 PM"
226,858507002832,"Jacquis Passion Strawberries Cream Body Mist 50ml",Strawberries,0,out_of_stock,active,"4/9/18, 3:33 PM"
233,858507002016,"Jacquis Passion Pomegranate Body Mist 200ml","Pomegranate ",1,out_of_stock,active,"6/9/18, 5:36 PM"
235,858507002139,"Jacquis Passion Strawberries Cream Body Mist 200ml","Strawberries Cream",0,out_of_stock,active,"5/4/18, 5:53 PM"
236,858507002085,"Jacquis Passion Sugar Vanilla Body Mist 200ml","Sugar Vanilla",0,out_of_stock,active,"6/12/18, 8:55 AM"
238,PB00000041,"Brave Body Spray 50ml",Brave,0,out_of_stock,active,"6/6/18, 11:04 PM"
239,858507003105,"JD Man Classic Body Spray 50ml",Classic,0,out_of_stock,active,"5/13/18, 3:12 PM"
240,858507003112,"JD Man Dynamic Body Spray 50ml",Dynamic,0,out_of_stock,active,"4/23/18, 5:53 PM"
241,858507003129,"JD Man Elegant Body Spray 50ml",Elegant,0,out_of_stock,active,"4/23/18, 12:25 PM"
242,858507003174,"JD Man Extreme Body Spray 50ml",Extreme,0,out_of_stock,active,"4/21/18, 9:27 AM"
243,858507003136,"JD Man Intense Body Spray 50ml",Intense,0,out_of_stock,active,"4/21/18, 8:03 AM"
244,858507003143,"JD Man Natural Body Spray 50ml",Natural,0,out_of_stock,active,"6/12/18, 3:20 PM"
245,858507003150,"JD Man Pure Body Spray 50ml",Pure,0,out_of_stock,active,"6/11/18, 10:36 PM"
248,PB00000040,"JD Man Elegant Body Spray 236ml",Elegant,0,out_of_stock,active,"4/6/18, 10:41 AM"
249,858507002931,"JD Man Intense Body Spray 236ml",Intense,0,out_of_stock,active,"6/10/18, 12:25 AM"
253,3610400001421,"Lomani Si Fleuri Deo Body Spray 150ml","Si Fleuri",0,out_of_stock,active,"5/18/18, 2:40 AM"
254,3610400001414,"Lomani Solara Women Body Spray 150ml",Solara,0,out_of_stock,active,"6/13/18, 11:22 AM"
255,3610400000219,"Lomani Best Body Spray 200ml",Best,0,out_of_stock,active,"4/27/18, 4:24 PM"
256,3610400000257,"Lomani Cigar Body Spray 200ml",Cigar,0,out_of_stock,active,"6/15/18, 5:01 PM"
257,3610400001254,"Lomani Code Body Spray 200ml",Code,0,out_of_stock,active,"3/20/18, 5:59 PM"
258,3610400000318,"Lomani Do It Body Spray 200ml","Do It",2,out_of_stock,active,"6/20/18, 6:46 PM"
259,3610400000363,"Lomani El Paso Body Spray 200ml","El Paso",5,out_of_stock,active,"6/19/18, 3:38 PM"
262,3610400001032,"Body Soul Eau de Toilette Perfume 100ml","Body and Soul ",0,out_of_stock,active,"4/10/18, 11:41 AM"
271,3610400000011,"Lomani Best Eau De Toilette EDT Perfume 100ml",Best,0,out_of_stock,active,"5/14/18, 1:38 AM"
273,3610400000332,"Lomani Eau De Toilette EDT El Paso Perfume 100ml","El Paso",0,out_of_stock,active,"2/23/18, 11:25 AM"
275,9922200199975,"Ameen Perfumed Deodorant Body Spray 200ml",Ameen,0,out_of_stock,active,"4/6/18, 4:19 PM"
276,6283567789500,"Louis Cardin Credible Homme Body Spray 200ml","Credible Homme",0,out_of_stock,active,"4/6/18, 4:21 PM"
277,PB00000022,"Louis Cardin Credible Noir Body Spray 200ml","Credible Noir",0,out_of_stock,active,"3/8/18, 8:53 PM"
278,6283577789302,"Gold Perfumed Deodorant Body Spray 200ml",Gold,0,out_of_stock,active,"4/6/18, 4:05 PM"
279,9922200199937,"Empower Perfumed Deodorant Body Spray 200ml",Empower,0,out_of_stock,active,"4/6/18, 4:22 PM"
280,6299800200190,"Pink Cloud Perfumed Deodorant Body Spray 200ml","Pink Cloud",0,out_of_stock,active,"4/6/18, 4:04 PM"
281,PB00000023,"Compassion perfumed Body Spray 200ml",Compassion,0,out_of_stock,active,"3/12/18, 11:45 AM"
282,6299800200848,"Farrier Perfumed Deodorant Body Spray 200ml",Farrier,0,out_of_stock,inactive,"2/23/18, 11:25 AM"
283,9922200199913,"Illusion Perfumed Deodorant Body Spray 200ml",Illusion,0,out_of_stock,active,"4/6/18, 4:24 PM"
284,9922200199951,"Impression Body spray 200ml","Impression ",0,out_of_stock,active,"3/12/18, 12:50 PM"
285,PB00000013," Aspiration Homme Perfumed Body Spray 200ml",Aspiration,0,out_of_stock,inactive,"2/23/18, 11:25 AM"
286,PB00000014,"Sacred Body Spray 200ml",Sacred,0,out_of_stock,inactive,"2/23/18, 11:25 AM"
287,6283567789203,"Silver Body Spray 200ml",Silver,0,out_of_stock,inactive,"2/23/18, 11:25 AM"
288,PB00000015,"Triumph Perfumed Deodorant Body Spray 200ml",Truimph,0,out_of_stock,inactive,"2/23/18, 11:25 AM"
299,6293725014511,"Maryaj Eau De Parfum EDP Direction East Perfume 100ml","Direction East",0,out_of_stock,active,"6/5/18, 10:22 AM"
300,PB00000024,"Maryaj Eau De Parfum EDP Direction West Perfume 100ml","Direction West",0,out_of_stock,active,"6/15/18, 3:59 AM"
303,6293725013378,"Maryaj Eau De Parfum EDP Larc Plus Perfume 100ml","Larc Plus",0,out_of_stock,active,"6/1/18, 4:00 PM"
304,6293725001535,"Macho Red Eau de Parfum for Men 100ml","Macho Red",0,out_of_stock,active,"3/12/18, 11:41 AM"
312,PB00000025,"Maryaj Eau De Toilette EDT Mons Montis Perfume 100ml","Mons Montis",0,out_of_stock,active,"5/30/18, 10:41 PM"
313,6293725001177," Viveca Eau De Parfum 100ML",Viveca,0,out_of_stock,active,"2/23/18, 11:25 AM"
314,6352458434383,"Otoori Ateeq Body Spray 200ml","Mukhallat Ateeq",0,out_of_stock,active,"3/13/18, 12:10 PM"
349,PB00000010,"Jacqui David Romantic Spell Love Spray 236ml","Romantic Spell",0,out_of_stock,active,"4/6/18, 10:49 AM"
350,PB00000011,"Jacqui David Secrets Admirer Love Spray 236ml","Secret Admirer",0,out_of_stock,active,"4/6/18, 10:50 AM"
351,PB00000012,"Jacqui David Sensual Secrets Love Spray 236ml","Sensual Secret",0,out_of_stock,active,"4/6/18, 10:50 AM"
354,25929203042,"Colour Me Black Gift Set ",Black,0,out_of_stock,active,"6/21/18, 12:04 AM"
367,25929132458,"Musk Pour Homme Eau De Toilette  50ml",Musk,0,out_of_stock,active,"3/12/18, 11:39 AM"
372,25929201123,"Perfumers Choice Eau De Toilette EDT Jean Marie Perfume 83ml","No 3 Jean Marie",0,out_of_stock,active,"6/19/18, 12:41 PM"
378,6332578960115,"Oudh Ehsasi","Oud Ehsasi",0,out_of_stock,inactive,"2/23/18, 11:25 AM"
379,PB00000018,"Otoori Eau De Parfum EDP Emperor Intense Perfume 100ml","Emperor Intense",0,out_of_stock,active,"2/23/18, 11:25 AM"
380,6291100172597,"Active Woman Eau de Parfum 15ml","Active Woman",0,out_of_stock,active,"6/13/18, 8:00 PM"
381,6291100174812,"Chris Adams Active Man Noir Eau de Parfum 15ml","Active Man Noir",0,out_of_stock,active,"5/14/18, 5:22 AM"
382,6354051054449,"Otoori Eau De Parfum EDP Al Noor Al Sabah Perfume 100ml"," Noor Al Sabah",0,out_of_stock,active,"6/16/18, 2:55 AM"
384,6291100172641,"Chris Adams Dolby Eau de Parfum 15ml","Dolby Man",0,out_of_stock,active,"6/13/18, 8:45 PM"
385,6395145544743,"Otoori Eau De Parfum EDP Al Jamal Al Aswad Perfume 100ml","Al Jamal Al Aswad",0,out_of_stock,active,"2/23/18, 11:25 AM"
386,6361464641180,"Asayel Eau De Parfum 100ml"," Asayel",0,out_of_stock,inactive,"2/23/18, 11:25 AM"
388,6291100172634,"Chris Adams DX 77 Eau De Parfum 15ml","DX 77 Man",0,out_of_stock,active,"6/14/18, 10:44 AM"
389,6345751645679,"Soul Mates Perfume Oil 20ml","Soul Mates",0,out_of_stock,inactive,"2/23/18, 11:25 AM"
391,PB00000007,"Chris Adams Miniature Dreamz Woman Eau De Parfum 15ml","Dreamz Woman",0,out_of_stock,active,"6/13/18, 10:26 PM"
393,25929129885,"Colour Me Oud Pour Homme Eau De Toilette EDT Perfume 50ml",Oud,0,out_of_stock,active,"6/18/18, 2:00 PM"
394,600900961205,"Otoori Bukhoor Naaim Perfume 40gms","Bukhoor Naaim",0,out_of_stock,active,"2/23/18, 11:25 AM"
398,6236636352919,"Otoori Oud Al Hind Eau De Parfum EDP Perfume 100ml","Oud Al Hind",0,out_of_stock,active,"5/5/18, 4:54 PM"
400,PB00000026,"Otoori Emperor Eau De Parfum  100ml",Emperor,0,out_of_stock,active,"4/14/18, 2:16 AM"
408,3610400001698,"Lomani Gold Deodorant Spray 200ml","Gold ",0,out_of_stock,active,"6/18/18, 2:06 PM"
409,6300020151695,"New NB Bleu Pour Femme Eau De Toilette EDT Perfume 100ml","Bleu Femme",0,out_of_stock,active,"6/2/18, 2:13 PM"
421,600900961205f,"Bukhoor Ehsas 40gms ","Bukhoor Ehsas",0,out_of_stock,active,"2/23/18, 11:25 AM"
426,3610400000233,"Lomani Cigar Eau de Toilette Perfume 100ml",Cigar,0,out_of_stock,active,"2/23/18, 11:25 AM"
432,3610400000387,"Lomani Pour Homme Eau de Toilette Perfume 100ml","Lomani Pour Homme",0,out_of_stock,active,"6/20/18, 12:45 AM"
434,PB00000042,"Body Mist Combo Set (Pure Pear + PEACH PAPAYA + Guava Delight)","Body Mist Combo Set (Pure Pear + PEACH PAPAYA + Guava Delight)",2,out_of_stock,active,"5/28/18, 11:20 PM"
435,PB00000043,"Body Mist Combo Set (LOVE POTION + FLOWER POWER + SWEET BLOOMS)","Body Mist Combo Set (LOVE POTION + FLOWER POWER + SWEET BLOOMS)",2,out_of_stock,active,"4/6/18, 11:33 AM"
436,PB00000044,"Body Mist Combo Set (STRAWBERRIES + SUGAR VANILLA + POMEGRANATE)","Body Mist Combo Set (STRAWBERRIES + SUGAR VANILLA + POMEGRANATE)",0,out_of_stock,active,"4/6/18, 11:34 AM"
437,PB00000045,"Pack of 4 Perfumes for Woman(ACTIVE WOMAN NOIR + ACTIVE WOMAN + PURE RED + DREAMZ)","Miniatures Perfumes Combo Set(Pack of 4) for Woman",0,out_of_stock,active,"4/10/18, 3:03 PM"
438,PB00000046,"Pack of 4 Perfume for Man (ACTIVE MAN + DOLBY MAN + ACTIVE MAN NOIR + DX 77 MAN)","Miniatures Perfumes Combo Set(Pack of 4) for Man",-1,out_of_stock,active,"4/13/18, 2:17 PM"
439,PB00000047,"JD Man Body Spray Combo Set (Elegant + Classic + Intense)","JD Man Body Spray Combo Set (Elegant + Classic + Intense)",0,out_of_stock,active,"4/7/18, 10:28 PM"
440,PB00000048,"JD Man Body Spray Combo Set (Extreme + Dynamic + Intense)","JD Man Body Spray Combo Set (Extreme + Dynamic + Intense)",0,out_of_stock,active,"4/8/18, 10:40 PM"
448,6291105542814,"Hot Ice Challenge Sport Deodorant Body Spray 200ml",Challenge,2,out_of_stock,active,"6/21/18, 9:43 AM"
453,25929203530,"Colour Me Volt Perfumed Body Spray for Men 150ML",Volt,0,out_of_stock,active,"6/19/18, 10:13 AM"
455,6291103661500,"Emper Qubism Perfume Pour Femme 100ml","Qubism ",0,out_of_stock,active,"5/25/18, 5:47 PM"
456,6291103661494,"Emper Qubism Perfume Pour Homme 100ml",Qubism,0,out_of_stock,active,"4/16/18, 3:27 PM"
458,3610400000561,"Lomani network silver EDT perfume pour homme 100ml",Network,0,out_of_stock,active,"6/5/18, 10:50 PM"
